container,operation,n,samples,median_ns_per_op,mad_ns_per_op,min_ns_per_op,max_ns_per_op,mean_ns_per_op
std::deque,build_insert,64,5,57.1381,18.255700000000004,38.8824,92.0471,64.07166
std::deque,build_insert,96,5,68.4163,2.860599999999991,39.4165,71.2769,62.96510000000001
std::deque,build_insert,128,5,37.4481,0.9566999999999979,36.4914,64.183,43.14026
std::deque,build_insert,192,5,56.5125,4.6753,38.2029,61.3352,52.93092
std::deque,build_insert,256,5,60.4406,1.1828000000000003,39.4484,63.8008,56.811080000000004
std::deque,build_insert,384,5,62.8558,1.7580000000000027,61.0978,73.5118,65.57932
std::deque,build_insert,512,5,62.1633,2.910900000000005,48.8969,66.4367,60.7889
std::deque,build_insert,768,5,57.9427,4.0184,53.3258,62.7957,57.958079999999995
std::deque,build_insert,1024,5,65.5469,4.407099999999993,41.6867,77.1422,62.845000000000006
std::deque,build_insert,1536,5,78.7455,1.7743000000000109,69.2434,94.7321,79.92442
std::deque,build_insert,2048,5,88.7955,8.063699999999997,78.633,107.689,90.02098
std::deque,build_insert,3072,5,67.7941,11.854500000000002,55.9396,100.053,73.00666
std::deque,build_insert,4096,5,63.1237,11.4407,49.459,77.5564,61.403740000000006
std::deque,build_insert,6144,5,63.8062,4.253,59.5532,101.678,71.52718
std::deque,build_insert,8192,5,99.401,12.960000000000008,86.2793,114.15,101.41532
std::deque,build_insert,12288,5,85.7104,4.189400000000006,78.0103,238.424,113.93397999999999
std::deque,build_insert,16384,5,145.744,44.617000000000004,97.0101,307.604,162.67442
std::deque,build_insert,24576,5,109.706,11.36,93.2088,198.917,125.87536
std::deque,build_insert,32768,5,103.798,11.864800000000002,91.9332,132.421,111.24524000000001
std::deque,build_insert,49152,5,103.861,8.735700000000008,84.9162,139.595,106.78410000000001
std::deque,build_insert,65536,5,144.67,37.152000000000015,80.9113,181.822,137.61866
std::deque,build_insert,98304,5,94.576,10.0779,84.4981,144.283,108.35911999999999
std::deque,build_insert,131072,5,103.387,5.666700000000006,97.7203,149.71,117.73186000000001
std::deque,build_insert,196608,5,97.8155,11.019400000000005,80.7887,126.681,99.36125999999999
std::deque,build_insert,262144,5,133.91,23.355999999999995,107.268,157.266,130.3316
std::hive,build_insert,64,5,14.1235,0.5066000000000006,12.2894,14.6301,13.61814
std::hive,build_insert,96,5,11.3464,0.04269999999999996,11.3037,13.9974,12.07152
std::hive,build_insert,128,5,11.0519,0.8773,9.24377,16.2109,11.639394
std::hive,build_insert,192,5,12.0616,0.9054000000000002,11.1338,17.0644,12.77852
std::hive,build_insert,256,5,10.3047,0.45699999999999896,8.75469,10.7617,9.909212
std::hive,build_insert,384,5,10.236,0.11100000000000065,8.68525,12.3608,10.344570000000001
std::hive,build_insert,512,5,9.70078,0.9773399999999999,8.72344,11.9141,10.3086
std::hive,build_insert,768,5,8.65023,0.15139000000000102,8.49884,10.0449,9.144400000000001
std::hive,build_insert,1024,5,9.15703,0.6312500000000014,8.44219,9.92734,9.077342
std::hive,build_insert,1536,5,10.7532,0.14749999999999908,9.01183,19.7791,12.199886000000001
std::hive,build_insert,2048,5,10.4941,0.8418799999999997,9.53015,14.5209,10.939554
std::hive,build_insert,3072,5,10.0983,0.6891599999999993,9.40914,18.23,12.597040000000002
std::hive,build_insert,4096,5,10.3768,1.1876599999999993,9.18914,14.75,11.177856
std::hive,build_insert,6144,5,9.46126,1.38509,8.07617,13.6458,10.354652
std::hive,build_insert,8192,5,10.7511,0.5931999999999995,8.55062,14.5581,10.997724
std::hive,build_insert,12288,5,10.1611,1.5380500000000001,8.40088,20.2091,11.654445999999998
std::hive,build_insert,16384,5,9.90165,0.42024999999999935,8.56149,10.3219,9.569434
std::hive,build_insert,24576,5,10.3979,0.8708000000000009,8.40332,11.2687,9.982564
std::hive,build_insert,32768,5,10.2132,1.47907,8.73413,15.7725,11.870118000000002
std::hive,build_insert,49152,5,16.2913,2.141300000000001,9.08407,18.4326,14.166872000000001
std::hive,build_insert,65536,5,11.4487,1.8402400000000014,8.80432,23.7152,13.280635999999998
std::hive,build_insert,98304,5,11.1572,1.2786600000000004,9.63033,15.5385,11.546814000000001
std::hive,build_insert,131072,5,9.9472,0.6363000000000003,8.82263,23.317,12.493294
std::hive,build_insert,196608,5,12.2086,1.7711000000000006,10.4375,29.1565,15.49246
std::hive,build_insert,262144,5,15.5727,1.876900000000001,10.5873,17.4496,14.218219999999999
std::list,build_insert,64,5,72.1924,1.6783999999999963,64.4958,76.3458,71.74254
std::list,build_insert,96,5,74.6704,1.521799999999999,61.0433,76.2207,72.55004
std::list,build_insert,128,5,77.002,8.987499999999997,67.6208,100.751,78.81994
std::list,build_insert,192,5,81.8339,3.5767000000000024,68.1285,85.4106,78.32724
std::list,build_insert,256,5,91.5742,21.913300000000007,67.9016,115.373,88.19366
std::list,build_insert,384,5,74.6645,0.2126999999999981,71.997,86.2902,76.42580000000001
std::list,build_insert,512,5,72.6125,3.042999999999992,68.3258,94.7695,75.84812
std::list,build_insert,768,5,69.485,4.398899999999998,64.3253,74.0595,68.91174
std::list,build_insert,1024,5,71.8281,5.198499999999996,65.1984,77.0266,70.72796000000001
std::list,build_insert,1536,5,70.5502,3.5712999999999937,64.4045,78.5431,71.39685999999999
std::list,build_insert,2048,5,85.3256,7.5353000000000065,69.8502,104.413,86.34428
std::list,build_insert,3072,5,72.2728,5.048000000000002,67.2248,119.781,87.18574
std::list,build_insert,4096,5,71.1922,1.4073999999999955,69.4722,96.9364,75.77132
std::list,build_insert,6144,5,73.6035,4.383899999999997,65.5111,85.2873,74.11526
std::list,build_insert,8192,5,71.6154,5.488299999999995,66.1271,92.7466,75.53873999999999
std::list,build_insert,12288,5,93.5295,13.491500000000002,64.1178,123.21,94.60024
std::list,build_insert,16384,5,74.4376,2.9121999999999986,71.5254,93.8433,79.2606
std::list,build_insert,24576,5,90.4329,16.1075,68.0013,116.325,90.11912
std::list,build_insert,32768,5,71.6665,2.8238999999999947,68.8426,129.322,83.50012000000001
std::list,build_insert,49152,5,98.0164,10.081000000000003,78.4393,113.3,96.90522
std::list,build_insert,65536,5,91.2369,8.480900000000005,63.9008,109.268,88.17960000000001
std::list,build_insert,98304,5,75.8789,5.587800000000001,70.2911,133.963,86.50044
std::list,build_insert,131072,5,71.5897,2.2468999999999966,68.7927,143.052,85.0847
std::list,build_insert,196608,5,76.4226,2.4343000000000075,73.4629,80.5054,76.26666
std::list,build_insert,262144,5,74.1585,3.973799999999997,70.1847,139.162,89.79148
std::pmr::deque,build_insert,64,5,23.465,1.5533000000000001,21.0938,32.7881,25.0751
std::pmr::deque,build_insert,96,5,18.7602,0.42520000000000024,18.335,19.6411,18.96772
std::pmr::deque,build_insert,128,5,18.5944,1.1902000000000008,17.4042,20.0836,18.862299999999998
std::pmr::deque,build_insert,192,5,15.9963,0.6592000000000002,14.7502,17.6046,16.16986
std::pmr::deque,build_insert,256,5,15.9625,0.6593999999999998,14.393,18.8703,16.30266
std::pmr::deque,build_insert,384,5,13.4001,0.27059999999999995,13.1295,13.8107,13.47832
std::pmr::deque,build_insert,512,5,14.0945,0.11330000000000062,13.8719,14.2625,14.087799999999998
std::pmr::deque,build_insert,768,5,13.9739,0.8040000000000003,13.0193,21.7409,15.263900000000001
std::pmr::deque,build_insert,1024,5,16.1742,1.5882999999999985,14.5859,20.3766,17.15014
std::pmr::deque,build_insert,1536,5,12.5604,0.21340000000000003,12.347,18.9014,13.831719999999999
std::pmr::deque,build_insert,2048,5,13.712,0.23240000000000016,12.8394,20.7559,14.950219999999998
std::pmr::deque,build_insert,3072,5,14.1737,0.6303999999999998,13.1749,15.5599,14.29356
std::pmr::deque,build_insert,4096,5,13.8254,0.5182000000000002,12.6339,26.4578,16.1021
std::pmr::deque,build_insert,6144,5,12.7979,1.0173000000000005,11.7806,27.6562,16.12092
std::pmr::deque,build_insert,8192,5,15.2995,0.9993999999999996,13.5596,22.4325,16.249360000000003
std::pmr::deque,build_insert,12288,5,12.6424,0.9464000000000006,11.696,23.6865,15.30844
std::pmr::deque,build_insert,16384,5,14.3964,1.4202999999999992,12.9761,16.6434,14.766140000000002
std::pmr::deque,build_insert,24576,5,13.4481,0.5655999999999999,12.8825,24.9927,15.764499999999998
std::pmr::deque,build_insert,32768,5,14.5274,1.5899999999999999,12.9374,18.8985,15.1363
std::pmr::deque,build_insert,49152,5,13.0514,0.5025999999999993,12.5488,13.9669,13.257859999999999
std::pmr::deque,build_insert,65536,5,17.2974,0.7492000000000019,13.4628,18.0466,16.29976
std::pmr::deque,build_insert,98304,5,15.2537,2.9154,11.7188,18.9738,15.24822
std::pmr::deque,build_insert,131072,5,14.1617,0.6050000000000004,13.5567,21.1731,15.829340000000002
std::pmr::deque,build_insert,196608,5,13.6327,0.3010999999999999,11.7727,14.002,13.3599
std::pmr::deque,build_insert,262144,5,15.3938,1.0497999999999994,14.254,16.4494,15.544659999999999
std::pmr::hive,build_insert,64,5,17.5842,0.6835999999999984,16.5924,22.6501,18.35386
std::pmr::hive,build_insert,96,5,13.8428,0.21160000000000068,13.6312,16.5344,14.499100000000002
std::pmr::hive,build_insert,128,5,13.2797,0.23499999999999943,13.0447,13.7848,13.36242
std::pmr::hive,build_insert,192,5,12.558,0.3947000000000003,12.1633,13.4766,12.8111
std::pmr::hive,build_insert,256,5,14.4805,1.2718000000000007,12.0555,17.0203,14.6314
std::pmr::hive,build_insert,384,5,11.7915,1.1026999999999987,10.6888,17.0475,13.532580000000001
std::pmr::hive,build_insert,512,5,11.8031,0.06869999999999976,11.0141,13.175,11.909220000000001
std::pmr::hive,build_insert,768,5,10.1759,0.10280000000000022,9.76876,11.034,10.260892000000002
std::pmr::hive,build_insert,1024,5,10.2188,0.4289000000000005,9.77344,13.3148,10.750948
std::pmr::hive,build_insert,1536,5,10.4316,0.07760000000000034,9.79073,14.6265,11.144105999999999
std::pmr::hive,build_insert,2048,5,10.0113,0.15982999999999947,9.69947,12.4472,10.407627999999999
std::pmr::hive,build_insert,3072,5,10.4111,0.5661000000000005,9.44646,11.3599,10.411905999999998
std::pmr::hive,build_insert,4096,5,9.81839,0.32683000000000106,9.49156,13.1482,10.453786
std::pmr::hive,build_insert,6144,5,12.0361,2.6423799999999993,9.39372,16.7188,12.788744
std::pmr::hive,build_insert,8192,5,10.0448,0.2352299999999996,9.40918,12.098,10.29429
std::pmr::hive,build_insert,12288,5,10.0203,1.4314300000000006,8.58887,12.3999,10.600256
std::pmr::hive,build_insert,16384,5,13.5367,0.9390999999999998,9.43865,14.4758,12.39415
std::pmr::hive,build_insert,24576,5,12.5781,1.293899999999999,9.77132,15.835,12.438483999999999
std::pmr::hive,build_insert,32768,5,10.8693,0.5879999999999992,9.97721,16.9179,11.919342
std::pmr::hive,build_insert,49152,5,9.72595,0.30720999999999954,9.41874,12.2589,10.329381999999999
std::pmr::hive,build_insert,65536,5,10.6369,1.6647300000000005,8.97217,15.8112,11.522526
std::pmr::hive,build_insert,98304,5,9.06779,0.12410999999999994,8.94368,10.6069,9.415284
std::pmr::hive,build_insert,131072,5,10.5499,1.2176199999999984,9.33228,12.5946,11.033776
std::pmr::hive,build_insert,196608,5,10.4914,1.4007199999999997,9.09068,14.3524,11.516298
std::pmr::hive,build_insert,262144,5,10.9173,0.3647000000000009,10.421,23.1232,13.27876
std::pmr::list,build_insert,64,5,12.8082,0.12509999999999977,12.5366,22.3236,14.633779999999998
std::pmr::list,build_insert,96,5,11.6536,0.12200000000000166,11.3363,13.033,11.84692
std::pmr::list,build_insert,128,5,10.8307,0.012199999999999989,10.6812,10.8429,10.77456
std::pmr::list,build_insert,192,5,10.7849,0.3376999999999999,10.2203,21.5953,12.83732
std::pmr::list,build_insert,256,5,10.007,0.2118000000000002,9.64219,10.2188,9.9225
std::pmr::list,build_insert,384,5,9.47823,0.18064999999999998,9.26239,9.99515,9.545796
std::pmr::list,build_insert,512,5,9.60625,0.13047000000000075,9.11562,9.73672,9.49578
std::pmr::list,build_insert,768,5,9.06203,0.0839300000000005,8.9781,10.47,9.367782
std::pmr::list,build_insert,1024,5,9.32344,0.523439999999999,8.8,11.5391,9.834228
std::pmr::list,build_insert,1536,5,9.1491,0.3914099999999987,8.55532,9.9429,9.18926
std::pmr::list,build_insert,2048,5,9.02375,0.07482000000000077,8.72842,9.33956,9.034148
std::pmr::list,build_insert,3072,5,10.2182,0.9654699999999998,9.25273,13.7314,10.829994000000001
std::pmr::list,build_insert,4096,5,9.40965,0.5213599999999996,8.88829,10.7225,9.739
std::pmr::list,build_insert,6144,5,9.06494,0.1733399999999996,8.37402,9.79655,9.066241999999999
std::pmr::list,build_insert,8192,5,8.87939,0.26529999999999987,8.57585,9.30664,8.940592
std::pmr::list,build_insert,12288,5,9.15934,0.19857000000000014,8.96077,11.0693,9.73323
std::pmr::list,build_insert,16384,5,9.23026,0.2659400000000005,8.24062,12.3282,9.685751999999999
std::pmr::list,build_insert,24576,5,10.6095,0.2441999999999993,8.73698,10.8537,10.090498
std::pmr::list,build_insert,32768,5,9.90906,1.0986399999999996,8.81042,15.9139,11.56636
std::pmr::list,build_insert,49152,5,10.5052,0.9318400000000011,9.57336,15.8783,11.796686
std::pmr::list,build_insert,65536,5,9.58405,0.8773799999999987,8.70667,18.3716,11.636658
std::pmr::list,build_insert,98304,5,9.56828,0.06408000000000058,8.53271,11.201,9.69015
std::pmr::list,build_insert,131072,5,11.6783,1.0024999999999995,10.6758,17.1555,13.45444
std::pmr::list,build_insert,196608,5,9.64254,0.6001599999999989,8.57137,13.1994,10.143844
std::pmr::list,build_insert,262144,5,12.3219,2.1301000000000005,9.84802,19.7681,13.335643999999998
std::pmr::vector,build_insert,64,5,7.39441,0.2288799999999993,6.87256,8.19092,7.44385
std::pmr::vector,build_insert,96,5,5.78003,0.0549299999999997,5.6722,5.91838,5.790202
std::pmr::vector,build_insert,128,5,5.25055,0.05493000000000059,5.06592,5.37872,5.247192
std::pmr::vector,build_insert,192,5,4.6285,0.13224000000000036,4.46472,6.1381,4.914956
std::pmr::vector,build_insert,256,5,4.26484,0.11796999999999969,4.03437,5.80859,4.539216000000001
std::pmr::vector,build_insert,384,5,3.8781,0.12277999999999967,3.66538,4.93619,4.045922
std::pmr::vector,build_insert,512,5,3.75234,0.3796799999999996,3.37266,4.40547,3.8350020000000002
std::pmr::vector,build_insert,768,5,3.34149,0.10902999999999974,3.23246,4.2404,3.6334400000000002
std::pmr::vector,build_insert,1024,5,3.32656,0.1343700000000001,3.19219,3.63437,3.3895299999999997
std::pmr::vector,build_insert,1536,5,3.28737,0.08550000000000013,3.07088,3.40581,3.262896
std::pmr::vector,build_insert,2048,5,3.09035,0.02283999999999997,2.84148,3.30535,3.081686
std::pmr::vector,build_insert,3072,5,3.01305,0.016680000000000028,2.82489,3.37033,3.049734
std::pmr::vector,build_insert,4096,5,3.1754,0.07953999999999972,2.91236,3.42584,3.159808
std::pmr::vector,build_insert,6144,5,3.32601,0.4337599999999999,2.89225,8.01839,4.24479
std::pmr::vector,build_insert,8192,5,2.84831,0.1220699999999999,2.7124,3.05257,2.8753260000000003
std::pmr::vector,build_insert,12288,5,3.06478,0.09277000000000024,2.89714,3.43506,3.1199559999999997
std::pmr::vector,build_insert,16384,5,3.01862,0.09939999999999971,2.91922,4.9299,3.450752
std::pmr::vector,build_insert,24576,5,3.11605,0.19369000000000014,2.84017,3.72233,3.16276
std::pmr::vector,build_insert,32768,5,3.72213,0.0701900000000002,2.9185,3.79232,3.46985
std::pmr::vector,build_insert,49152,5,3.45662,0.04273000000000016,3.29183,4.08325,3.557128
std::pmr::vector,build_insert,65536,5,4.37775,1.0345499999999999,3.3432,9.50317,5.24109
std::pmr::vector,build_insert,98304,5,3.59294,0.31535,3.27759,7.15637,4.670412000000001
std::pmr::vector,build_insert,131072,5,3.91159,0.21286000000000005,3.69873,4.49295,4.026948
std::pmr::vector,build_insert,196608,5,4.32536,0.4343699999999999,3.09601,5.39042,4.217632
std::pmr::vector,build_insert,262144,5,5.03235,1.31989,3.62129,11.6135,5.9076
std::vector,build_insert,64,5,2.23389,0.061040000000000205,2.17285,5.7251,3.0291740000000003
std::vector,build_insert,96,5,2.00602,0.15869,1.84733,2.41903,2.095134
std::vector,build_insert,128,5,1.76849,0.03813999999999984,1.73035,2.08588,1.8838519999999999
std::vector,build_insert,192,5,2.47294,0.62764,1.60421,3.27657,2.35901
std::vector,build_insert,256,5,1.75234,0.12735000000000007,1.56406,1.87969,1.71578
std::vector,build_insert,384,5,2.87866,0.04145000000000021,2.50563,2.93262,2.811874
std::vector,build_insert,512,5,2.99141,0.09141000000000021,2.76172,4.39531,3.2095320000000003
std::vector,build_insert,768,5,2.83948,0.1874699999999998,1.7986,3.02695,2.502352
std::vector,build_insert,1024,5,2.76172,0.22733999999999988,1.58906,2.98906,2.3703119999999998
std::vector,build_insert,1536,5,1.65427,0.018819999999999837,1.63545,3.10931,2.062782
std::vector,build_insert,2048,5,1.67433,0.08899000000000012,1.58534,5.95939,2.6019080000000003
std::vector,build_insert,3072,5,5.77363,0.2786799999999996,5.15673,6.94233,5.833018
std::vector,build_insert,4096,5,7.09032,1.3301800000000004,5.34983,10.0885,7.157096
std::vector,build_insert,6144,5,5.6665,0.31576000000000004,4.12679,5.98226,5.35433
std::vector,build_insert,8192,5,5.65267,0.2986599999999999,4.14062,6.14502,5.451008
std::vector,build_insert,12288,5,5.35238,0.09196000000000026,4.80713,5.44434,5.187666
std::vector,build_insert,16384,5,4.00303,0.2563399999999998,3.46941,4.28118,3.9059
std::vector,build_insert,24576,5,3.64258,0.13183999999999996,2.31283,4.24886,3.4783540000000004
std::vector,build_insert,32768,5,11.4604,0.8148999999999997,10.6455,12.797,11.72972
std::vector,build_insert,49152,5,10.4177,0.31230000000000047,8.1543,10.73,9.78312
std::vector,build_insert,65536,5,10.3867,0.5798000000000005,9.50623,10.9665,10.266437999999999
std::vector,build_insert,98304,5,10.4645,0.5208000000000013,8.89384,11.3475,10.404468
std::vector,build_insert,131072,5,10.4332,0.4967000000000006,9.832,11.7638,10.62166
std::vector,build_insert,196608,5,11.3042,0.0600000000000005,10.4823,11.3642,11.06078
std::vector,build_insert,262144,5,10.5339,0.8506699999999991,9.4593,12.5946,10.595846
std::deque,churn_erase_insert_25pct,64,5,10.4736,0.6226000000000003,6.7749,11.0962,9.179682
std::deque,churn_erase_insert_25pct,96,5,9.22852,0.28483000000000125,7.4056,9.51335,8.740236
std::deque,churn_erase_insert_25pct,128,5,6.5918,0.46387,6.12793,9.24072,7.402343999999999
std::deque,churn_erase_insert_25pct,192,5,6.8278,0.7771799999999995,6.05062,9.04541,7.289224
std::deque,churn_erase_insert_25pct,256,5,8.80737,0.47607,5.92957,9.84802,8.4375
std::deque,churn_erase_insert_25pct,384,5,8.75041,0.4130099999999999,7.63753,9.47062,8.65153
std::deque,churn_erase_insert_25pct,512,5,8.7125,0.22344000000000008,8.45469,9.78281,8.840624
std::deque,churn_erase_insert_25pct,768,5,9.18832,0.22433999999999976,8.96398,11.1414,9.583012
std::deque,churn_erase_insert_25pct,1024,5,7.24688,0.4421900000000001,6.64219,8.9375,7.422814
std::deque,churn_erase_insert_25pct,1536,5,11.2105,1.0997000000000003,10.1108,15.3473,12.09056
std::deque,churn_erase_insert_25pct,2048,5,10.8272,0.31179999999999986,10.5154,11.5549,11.01278
std::deque,churn_erase_insert_25pct,3072,5,9.53538,0.22390000000000043,9.31148,12.5064,10.157214
std::deque,churn_erase_insert_25pct,4096,5,10.5674,0.17019999999999946,7.0407,10.7674,9.88754
std::deque,churn_erase_insert_25pct,6144,5,12.1175,1.9726,10.1449,16.3867,13.009120000000001
std::deque,churn_erase_insert_25pct,8192,5,15.1969,0.29779999999999873,14.8991,19.3604,16.16602
std::deque,churn_erase_insert_25pct,12288,5,18.737,2.584699999999998,16.0986,85.4004,31.267560000000003
std::deque,churn_erase_insert_25pct,16384,5,37.1512,3.7894000000000005,17.8833,49.9738,35.623239999999996
std::deque,churn_erase_insert_25pct,24576,5,34.8617,6.429000000000002,27.9232,54.5459,37.9717
std::deque,churn_erase_insert_25pct,32768,5,27.6265,1.5808,26.0457,42.1651,31.52138
std::deque,churn_erase_insert_25pct,49152,5,34.3323,5.912299999999995,22.9309,51.8066,34.65982
std::deque,churn_erase_insert_25pct,65536,5,26.9257,0.866699999999998,26.059,52.6978,32.28944
std::deque,churn_erase_insert_25pct,98304,5,27.2542,4.744400000000002,22.5098,44.9117,30.22746
std::deque,churn_erase_insert_25pct,131072,5,27.7267,1.8309999999999995,24.5697,34.5352,28.226
std::deque,churn_erase_insert_25pct,196608,5,27.061,1.5218999999999987,25.5391,38.4928,29.486880000000003
std::deque,churn_erase_insert_25pct,262144,5,30.7793,3.2417000000000016,27.0584,64.5073,36.866
std::hive,churn_erase_insert_25pct,64,5,25.0366,0.20749999999999957,22.6807,26.062,24.809559999999998
std::hive,churn_erase_insert_25pct,96,5,24.6419,0.13019999999999854,20.8496,31.1768,25.17252
std::hive,churn_erase_insert_25pct,128,5,24.1394,0.3052000000000028,20.459,24.4446,22.93822
std::hive,churn_erase_insert_25pct,192,5,24.1862,1.1311999999999998,22.4935,34.0942,25.975740000000002
std::hive,churn_erase_insert_25pct,256,5,23.6206,0.4393999999999991,20.0043,25.3815,23.2007
std::hive,churn_erase_insert_25pct,384,5,23.1649,1.5116000000000014,21.4925,24.7253,23.247059999999998
std::hive,churn_erase_insert_25pct,512,5,25.8719,0.8016000000000005,23.0672,29.3062,25.99
std::hive,churn_erase_insert_25pct,768,5,22.6264,2.2104,20.416,39.3606,26.234299999999998
std::hive,churn_erase_insert_25pct,1024,5,22.6516,0.9874999999999972,21.6641,24.1625,22.88814
std::hive,churn_erase_insert_25pct,1536,5,22.548,1.1907000000000032,21.1377,44.5109,26.725360000000002
std::hive,churn_erase_insert_25pct,2048,5,31.5713,2.7612000000000023,20.0416,34.3325,28.67472
std::hive,churn_erase_insert_25pct,3072,5,23.9202,1.6068999999999996,22.3133,40.7012,27.51874
std::hive,churn_erase_insert_25pct,4096,5,25.5544,0.7009000000000007,24.3196,44.5817,29.063139999999997
std::hive,churn_erase_insert_25pct,6144,5,23.0013,1.1067999999999998,21.8945,33.527,25.48926
std::hive,churn_erase_insert_25pct,8192,5,24.5133,0.3515000000000015,22.2803,30.4671,25.242179999999998
std::hive,churn_erase_insert_25pct,12288,5,25.7829,1.9287000000000027,23.8542,38.3431,29.397159999999996
std::hive,churn_erase_insert_25pct,16384,5,23.4497,0.37320000000000064,22.5167,24.6878,23.4584
std::hive,churn_erase_insert_25pct,24576,5,21.1654,0.6690000000000005,20.4964,23.2894,21.640300000000003
std::hive,churn_erase_insert_25pct,32768,5,23.053,0.6124000000000009,21.5068,24.8962,23.16366
std::hive,churn_erase_insert_25pct,49152,5,24.0458,2.3946000000000005,21.2524,40.3219,26.98526
std::hive,churn_erase_insert_25pct,65536,5,20.4254,0.466899999999999,19.8242,34.6863,23.21838
std::hive,churn_erase_insert_25pct,98304,5,23.7976,2.1586,20.3918,25.9562,23.1498
std::hive,churn_erase_insert_25pct,131072,5,27.0432,2.9129000000000005,23.8312,50.8453,31.296100000000003
std::hive,churn_erase_insert_25pct,196608,5,31.2998,1.5228999999999964,25.5035,32.9325,30.56882
std::hive,churn_erase_insert_25pct,262144,5,30.645,1.3779000000000003,29.2671,64.6164,37.93548
std::list,churn_erase_insert_25pct,64,5,52.4292,1.3915999999999968,50.2319,99.1821,61.618640000000006
std::list,churn_erase_insert_25pct,96,5,59.554,2.2054000000000045,53.2552,63.8184,58.83952000000001
std::list,churn_erase_insert_25pct,128,5,58.7219,4.406700000000001,54.3152,69.0186,60.99244
std::list,churn_erase_insert_25pct,192,5,56.014,5.660000000000004,49.2269,65.0106,55.759280000000004
std::list,churn_erase_insert_25pct,256,5,70.1141,4.797299999999993,62.0544,101.373,73.8134
std::list,churn_erase_insert_25pct,384,5,66.2394,3.515599999999992,61.8958,79.1972,67.97282
std::list,churn_erase_insert_25pct,512,5,70.1891,9.785999999999994,58.1781,82.0531,68.7678
std::list,churn_erase_insert_25pct,768,5,67.7162,1.8245000000000005,58.5294,83.1278,68.92068
std::list,churn_erase_insert_25pct,1024,5,62.1797,3.532800000000009,57.0984,67.1969,62.229380000000006
std::list,churn_erase_insert_25pct,1536,5,64.5739,6.601399999999998,57.9725,74.5827,66.29988
std::list,churn_erase_insert_25pct,2048,5,86.9991,7.7305999999999955,79.2685,96.9112,87.6956
std::list,churn_erase_insert_25pct,3072,5,109.435,8.626999999999995,63.4257,120.779,101.73573999999999
std::list,churn_erase_insert_25pct,4096,5,63.0922,1.5546000000000006,61.5376,93.8839,70.87292
std::list,churn_erase_insert_25pct,6144,5,78.0404,2.6480999999999995,62.1305,81.5853,75.73602000000001
std::list,churn_erase_insert_25pct,8192,5,85.472,10.279899999999998,74.2041,125.436,90.8447
std::list,churn_erase_insert_25pct,12288,5,141.408,48.38549999999999,85.3467,212.303,139.77644
std::list,churn_erase_insert_25pct,16384,5,79.6735,6.623100000000008,73.0504,104.103,85.79688
std::list,churn_erase_insert_25pct,24576,5,142.749,50.67400000000001,83.846,193.423,133.20444
std::list,churn_erase_insert_25pct,32768,5,89.1357,7.3018,78.9876,110.986,90.73152
std::list,churn_erase_insert_25pct,49152,5,119.621,15.427999999999997,104.193,209.007,138.8456
std::list,churn_erase_insert_25pct,65536,5,123.792,5.295000000000002,117.471,162.778,129.759
std::list,churn_erase_insert_25pct,98304,5,151.135,11.900000000000006,135.238,172.548,153.75799999999998
std::list,churn_erase_insert_25pct,131072,5,149.281,7.915999999999997,141.365,208.308,162.5334
std::list,churn_erase_insert_25pct,196608,5,173.89,9.325000000000017,151.267,183.215,169.8888
std::list,churn_erase_insert_25pct,262144,5,152.445,0.7959999999999923,151.649,190.394,162.8802
std::pmr::deque,churn_erase_insert_25pct,64,5,14.1357,0.3050999999999995,13.8306,19.0552,15.707999999999998
std::pmr::deque,churn_erase_insert_25pct,96,5,14.1683,2.001900000000001,12.1663,16.2923,14.54914
std::pmr::deque,churn_erase_insert_25pct,128,5,12.1582,0.7750999999999983,10.8826,13.4949,12.20582
std::pmr::deque,churn_erase_insert_25pct,192,5,10.258,0.13830000000000098,9.38721,10.3963,10.094401999999999
std::pmr::deque,churn_erase_insert_25pct,256,5,9.27429,0.15259,8.78906,9.86938,9.287106
std::pmr::deque,churn_erase_insert_25pct,384,5,8.43506,0.2197300000000002,8.21533,10.1888,8.799642
std::pmr::deque,churn_erase_insert_25pct,512,5,8.08594,0.3703100000000008,7.50938,8.78125,8.05094
std::pmr::deque,churn_erase_insert_25pct,768,5,7.78583,0.1474599999999997,7.63837,10.7163,8.363454
std::pmr::deque,churn_erase_insert_25pct,1024,5,7.52344,0.11249999999999982,7.24375,9.60781,7.9034379999999995
std::pmr::deque,churn_erase_insert_25pct,1536,5,7.74818,0.16000999999999976,7.58817,8.26117,7.863015999999999
std::pmr::deque,churn_erase_insert_25pct,2048,5,7.4959,0.03150999999999993,7.02967,8.51342,7.607736
std::pmr::deque,churn_erase_insert_25pct,3072,5,7.58543,0.09527000000000019,7.12652,8.51118,7.688324
std::pmr::deque,churn_erase_insert_25pct,4096,5,7.55261,0.19374000000000002,7.10843,8.42049,7.64302
std::pmr::deque,churn_erase_insert_25pct,6144,5,7.92155,0.12532999999999994,7.71322,8.28776,7.941406000000001
std::pmr::deque,churn_erase_insert_25pct,8192,5,9.45964,2.46908,6.99056,34.6956,16.046208
std::pmr::deque,churn_erase_insert_25pct,12288,5,7.82064,0.33040999999999965,7.08171,8.23568,7.736654
std::pmr::deque,churn_erase_insert_25pct,16384,5,7.72531,0.03139000000000003,7.16378,9.90165,8.047224
std::pmr::deque,churn_erase_insert_25pct,24576,5,8.81185,1.22396,6.81478,55.2946,17.466798
std::pmr::deque,churn_erase_insert_25pct,32768,5,9.46248,0.5472799999999989,8.64054,10.8398,9.558502
std::pmr::deque,churn_erase_insert_25pct,49152,5,8.75651,0.15054999999999907,7.4585,8.90706,8.43343
std::pmr::deque,churn_erase_insert_25pct,65536,5,10.0647,1.4770500000000002,8.33435,26.4282,12.819220000000001
std::pmr::deque,churn_erase_insert_25pct,98304,5,9.5459,0.2990700000000004,9.24683,26.4587,16.11572
std::pmr::deque,churn_erase_insert_25pct,131072,5,9.25293,0.20446999999999882,9.04846,11.4548,10.06105
std::pmr::deque,churn_erase_insert_25pct,196608,5,13.1673,0.4964000000000013,10.5062,13.6637,12.28454
std::pmr::deque,churn_erase_insert_25pct,262144,5,13.1554,0.2898999999999994,11.2488,13.4453,12.5963
std::pmr::hive,churn_erase_insert_25pct,64,5,28.2837,0.1708999999999996,28.064,40.2222,30.627460000000003
std::pmr::hive,churn_erase_insert_25pct,96,5,26.5625,0.7894000000000005,25.7731,29.8665,27.60742
std::pmr::hive,churn_erase_insert_25pct,128,5,26.4099,0.8911000000000016,25.3845,27.4353,26.2622
std::pmr::hive,churn_erase_insert_25pct,192,5,24.9797,1.4893,23.4904,30.4077,26.42986
std::pmr::hive,churn_erase_insert_25pct,256,5,27.5818,1.6753999999999998,24.0479,37.1338,28.472320000000003
std::pmr::hive,churn_erase_insert_25pct,384,5,24.2188,1.7009000000000007,22.5179,49.4141,29.448680000000003
std::pmr::hive,churn_erase_insert_25pct,512,5,23.4531,0.8452999999999982,22.6078,32.8547,25.384059999999998
std::pmr::hive,churn_erase_insert_25pct,768,5,23.5269,2.130399999999998,20.5839,34.3217,25.4697
std::pmr::hive,churn_erase_insert_25pct,1024,5,25.0125,0.9313000000000002,22.5469,29.5375,25.57938
std::pmr::hive,churn_erase_insert_25pct,1536,5,23.963,0.3827999999999996,21.3181,25.8283,23.852899999999998
std::pmr::hive,churn_erase_insert_25pct,2048,5,22.8374,0.11340000000000217,22.4247,24.8252,23.17194
std::pmr::hive,churn_erase_insert_25pct,3072,5,23.9186,0.8114000000000026,22.9913,25.1826,23.877019999999998
std::pmr::hive,churn_erase_insert_25pct,4096,5,24.3731,0.25049999999999883,21.467,33.0771,25.541199999999996
std::pmr::hive,churn_erase_insert_25pct,6144,5,24.707,0.7634000000000007,23.5807,35.3564,26.67902
std::pmr::hive,churn_erase_insert_25pct,8192,5,25.7764,2.973600000000001,22.002,34.5719,26.89682
std::pmr::hive,churn_erase_insert_25pct,12288,5,27.4788,1.9385000000000012,24.1032,29.4173,26.62954
std::pmr::hive,churn_erase_insert_25pct,16384,5,24.1037,0.6993000000000009,22.7766,25.2093,23.94186
std::pmr::hive,churn_erase_insert_25pct,24576,5,31.1442,5.6966,22.71,46.2061,32.0215
std::pmr::hive,churn_erase_insert_25pct,32768,5,22.2656,0.5614999999999988,21.7041,25.8362,23.244220000000002
std::pmr::hive,churn_erase_insert_25pct,49152,5,24.8433,0.5492999999999988,24.294,81.3436,36.161699999999996
std::pmr::hive,churn_erase_insert_25pct,65536,5,23.9594,3.3049999999999997,20.0653,71.3379,32.89796
std::pmr::hive,churn_erase_insert_25pct,98304,5,30.5257,3.9022000000000006,24.3937,35.0627,30.72714
std::pmr::hive,churn_erase_insert_25pct,131072,5,25.4852,1.6814999999999998,23.8037,41.5787,28.68132
std::pmr::hive,churn_erase_insert_25pct,196608,5,48.9777,12.0503,35.6903,61.028,47.049760000000006
std::pmr::hive,churn_erase_insert_25pct,262144,5,29.2229,3.124299999999998,26.0986,39.3593,31.188499999999998
std::pmr::list,churn_erase_insert_25pct,64,5,12.8418,0.8179000000000016,11.7188,20.0928,14.17482
std::pmr::list,churn_erase_insert_25pct,96,5,11.2305,0.5371000000000006,10.4004,11.7676,11.12958
std::pmr::list,churn_erase_insert_25pct,128,5,10.9802,0.20749999999999957,10.7727,12.2375,11.33664
std::pmr::list,churn_erase_insert_25pct,192,5,10.1807,0.40690000000000026,9.43604,11.0352,10.282408
std::pmr::list,churn_erase_insert_25pct,256,5,9.82361,0.3356899999999996,9.48792,10.257,9.90967
std::pmr::list,churn_erase_insert_25pct,384,5,9.95076,0.14240999999999993,9.80835,10.5387,10.058182
std::pmr::list,churn_erase_insert_25pct,512,5,11.6813,0.448500000000001,11.2328,14.9313,12.40564
std::pmr::list,churn_erase_insert_25pct,768,5,15.1387,0.0627999999999993,15.0759,17.291,15.89734
std::pmr::list,churn_erase_insert_25pct,1024,5,15.6078,0.4577999999999989,14.7734,16.475,15.554680000000001
std::pmr::list,churn_erase_insert_25pct,1536,5,14.8971,0.6760999999999999,14.0986,15.774,14.982099999999999
std::pmr::list,churn_erase_insert_25pct,2048,5,14.7429,0.3102999999999998,14.4326,15.7683,15.049100000000001
std::pmr::list,churn_erase_insert_25pct,3072,5,15.3058,0.8605999999999998,13.5464,16.3824,15.09336
std::pmr::list,churn_erase_insert_25pct,4096,5,16.2314,2.3611000000000004,13.8703,20.0558,16.9572
std::pmr::list,churn_erase_insert_25pct,6144,5,15.3027,1.1768000000000018,13.8021,19.515,15.89128
std::pmr::list,churn_erase_insert_25pct,8192,5,15.4183,0.33370000000000033,14.6745,32.0003,18.63444
std::pmr::list,churn_erase_insert_25pct,12288,5,15.4248,0.3109000000000002,14.637,16.3005,15.474279999999998
std::pmr::list,churn_erase_insert_25pct,16384,5,16.1795,0.7498000000000005,14.3415,17.2119,15.875060000000001
std::pmr::list,churn_erase_insert_25pct,24576,5,20.2913,1.3899000000000008,18.9014,29.1357,22.622700000000002
std::pmr::list,churn_erase_insert_25pct,32768,5,17.2017,0.8340999999999994,15.2425,21.1528,17.53336
std::pmr::list,churn_erase_insert_25pct,49152,5,17.8507,0.8850000000000016,16.9657,19.7978,18.25724
std::pmr::list,churn_erase_insert_25pct,65536,5,20.34,3.6590999999999987,16.6809,31.6803,23.09204
std::pmr::list,churn_erase_insert_25pct,98304,5,24.3754,0.6326999999999998,18.4285,25.0081,22.68552
std::pmr::list,churn_erase_insert_25pct,131072,5,36.911,7.572900000000001,25.2472,45.1553,35.08576
std::pmr::list,churn_erase_insert_25pct,196608,5,35.9589,6.6457000000000015,29.3132,66.0085,40.93996
std::pmr::list,churn_erase_insert_25pct,262144,5,47.0406,4.224399999999996,40.7234,60.791,47.71516
std::pmr::vector,churn_erase_insert_25pct,64,5,7.4707,0.2441399999999998,7.22656,9.35059,7.8295900000000005
std::pmr::vector,churn_erase_insert_25pct,96,5,6.19303,0.22786999999999935,5.72917,8.28451,6.54948
std::pmr::vector,churn_erase_insert_25pct,128,5,6.03027,0.46997,5.40161,6.50024,5.902098
std::pmr::vector,churn_erase_insert_25pct,192,5,5.59896,0.23599999999999977,5.26123,10.5591,6.485194
std::pmr::vector,churn_erase_insert_25pct,256,5,5.51147,0.1861600000000001,5.11475,5.69763,5.4425040000000005
std::pmr::vector,churn_erase_insert_25pct,384,5,5.26326,0.21565999999999974,4.81567,5.82275,5.297848
std::pmr::vector,churn_erase_insert_25pct,512,5,5.11875,0.37812999999999963,4.63125,5.49688,5.01094
std::pmr::vector,churn_erase_insert_25pct,768,5,5.60994,0.7514399999999997,4.8585,17.3052,7.904126
std::pmr::vector,churn_erase_insert_25pct,1024,5,4.81406,0.13436999999999966,4.67969,7.4375,5.338124
std::pmr::vector,churn_erase_insert_25pct,1536,5,4.69848,0.061180000000000234,4.60749,4.75966,4.68844
std::pmr::vector,churn_erase_insert_25pct,2048,5,4.95369,0.27878999999999987,4.6749,6.2437,5.209804
std::pmr::vector,churn_erase_insert_25pct,3072,5,4.96221,0.22389999999999954,4.44137,5.35442,4.915204
std::pmr::vector,churn_erase_insert_25pct,4096,5,5.21201,0.5717599999999994,4.63395,6.01531,5.303996
std::pmr::vector,churn_erase_insert_25pct,6144,5,4.69564,0.15137,4.51823,6.53971,5.007162
std::pmr::vector,churn_erase_insert_25pct,8192,5,4.87956,0.27018000000000075,4.35547,5.39551,4.88607
std::pmr::vector,churn_erase_insert_25pct,12288,5,4.97396,0.28972,4.50033,6.11165,5.049154
std::pmr::vector,churn_erase_insert_25pct,16384,5,5.39725,0.5684999999999993,4.82875,13.0127,6.961843999999999
std::pmr::vector,churn_erase_insert_25pct,24576,5,5.31738,0.13508999999999993,4.92676,7.5293,5.681316
std::pmr::vector,churn_erase_insert_25pct,32768,5,5.36499,0.30313999999999997,4.82992,6.04248,5.398356
std::pmr::vector,churn_erase_insert_25pct,49152,5,5.95907,0.40690000000000026,4.5166,9.66593,6.430258
std::pmr::vector,churn_erase_insert_25pct,65536,5,6.14319,0.2349899999999998,5.00488,6.88171,6.029662
std::pmr::vector,churn_erase_insert_25pct,98304,5,7.24487,1.1555999999999997,6.08927,9.12476,7.6822919999999995
std::pmr::vector,churn_erase_insert_25pct,131072,5,7.18689,0.2624500000000003,6.52313,7.44934,7.086790000000001
std::pmr::vector,churn_erase_insert_25pct,196608,5,7.37,0.8148200000000001,5.70984,21.3704,9.747713999999998
std::pmr::vector,churn_erase_insert_25pct,262144,5,8.55179,0.4867600000000003,8.06503,13.9389,9.969173999999999
std::vector,churn_erase_insert_25pct,64,5,2.69775,0.03662999999999972,2.51465,2.83203,2.69043
std::vector,churn_erase_insert_25pct,96,5,2.41699,0.0,2.36003,2.41699,2.395832
std::vector,churn_erase_insert_25pct,128,5,2.22168,0.024410000000000043,2.19116,2.48413,2.270506
std::vector,churn_erase_insert_25pct,192,5,3.10872,0.38656000000000024,2.0752,3.49528,2.83203
std::vector,churn_erase_insert_25pct,256,5,1.97754,0.054930000000000145,1.92261,3.35693,2.259522
std::vector,churn_erase_insert_25pct,384,5,3.28369,0.03459000000000012,3.01717,3.31828,3.2173680000000004
std::vector,churn_erase_insert_25pct,512,5,3.27344,0.054689999999999905,3.08125,3.43281,3.2621879999999996
std::vector,churn_erase_insert_25pct,768,5,3.36502,0.07687,1.91391,3.44189,3.05064
std::vector,churn_erase_insert_25pct,1024,5,3.0,0.2437499999999999,1.79375,3.24375,2.610938
std::vector,churn_erase_insert_25pct,1536,5,2.17903,0.35298000000000007,1.82605,3.50935,2.430658
std::vector,churn_erase_insert_25pct,2048,5,2.16734,0.31816999999999984,1.84917,3.34236,2.44298
std::vector,churn_erase_insert_25pct,3072,5,2.11827,0.06352000000000002,2.00235,2.27229,2.123984
std::vector,churn_erase_insert_25pct,4096,5,2.93756,0.15436000000000005,2.43826,3.9409,3.0673500000000002
std::vector,churn_erase_insert_25pct,6144,5,3.05827,0.3564400000000001,1.96777,3.41471,2.838214
std::vector,churn_erase_insert_25pct,8192,5,3.01107,0.1025400000000003,2.90853,3.44238,3.114908
std::vector,churn_erase_insert_25pct,12288,5,3.6084,0.11880999999999986,3.26497,3.72721,3.530272
std::vector,churn_erase_insert_25pct,16384,5,2.44315,0.18833999999999973,2.18157,2.63149,2.4075759999999997
std::vector,churn_erase_insert_25pct,24576,5,3.57585,0.5403599999999997,2.92969,4.11621,3.46387
std::vector,churn_erase_insert_25pct,32768,5,5.32023,0.15054999999999996,5.16968,6.11369,5.477294
std::vector,churn_erase_insert_25pct,49152,5,5.75968,1.1047399999999996,3.79028,6.86442,5.418699999999999
std::vector,churn_erase_insert_25pct,65536,5,5.9967,0.2899099999999999,5.70679,6.45142,6.04065
std::vector,churn_erase_insert_25pct,98304,5,7.88778,0.6734200000000001,7.04142,9.0922,7.921956
std::vector,churn_erase_insert_25pct,131072,5,7.74384,0.3585899999999995,7.38525,8.71429,8.038024
std::vector,churn_erase_insert_25pct,196608,5,9.56421,0.8544899999999984,7.98848,11.0026,9.421792
std::vector,churn_erase_insert_25pct,262144,5,8.77838,0.7858299999999989,7.87888,11.145,9.194332
std::deque,erase_if_25pct,64,5,1.51367,0.012210000000000054,1.50146,2.7771,2.010496
std::deque,erase_if_25pct,96,5,2.40479,0.07730999999999977,2.10775,2.4821,2.331544
std::deque,erase_if_25pct,128,5,1.48315,0.07628999999999997,1.33667,2.37122,1.624146
std::deque,erase_if_25pct,192,5,1.98975,0.15257999999999994,1.40991,2.14233,1.8835439999999999
std::deque,erase_if_25pct,256,5,1.97296,0.1861600000000001,1.43433,2.15912,1.8606580000000001
std::deque,erase_if_25pct,384,5,2.06807,0.09053,1.97754,2.61536,2.186278
std::deque,erase_if_25pct,512,5,1.89531,0.36172000000000004,1.39453,2.74766,1.9467180000000002
std::deque,erase_if_25pct,768,5,2.32257,0.1568799999999997,2.1453,5.20049,2.85062
std::deque,erase_if_25pct,1024,5,1.87031,0.34765,1.44063,2.39688,1.871096
std::deque,erase_if_25pct,1536,5,2.86066,0.08314999999999984,2.52573,2.94381,2.766692
std::deque,erase_if_25pct,2048,5,2.84857,0.19137000000000004,2.6572,3.42033,3.017422
std::deque,erase_if_25pct,3072,5,2.86379,0.11353999999999997,2.75025,4.11585,3.190102
std::deque,erase_if_25pct,4096,5,2.41542,0.20948999999999973,1.84838,2.62491,2.276652
std::deque,erase_if_25pct,6144,5,3.70199,0.6429100000000001,3.05908,5.2124,3.94157
std::deque,erase_if_25pct,8192,5,6.39893,0.7438200000000004,5.65511,8.93799,6.8263359999999995
std::deque,erase_if_25pct,12288,5,7.99479,0.38980999999999977,6.98568,8.97461,7.961588000000001
std::deque,erase_if_25pct,16384,5,9.62088,2.9375299999999998,6.68335,21.2298,12.523196
std::deque,erase_if_25pct,24576,5,22.1045,6.629200000000001,9.25863,31.8327,20.878106
std::deque,erase_if_25pct,32768,5,10.8114,2.0223400000000016,8.78906,16.035,12.240012
std::deque,erase_if_25pct,49152,5,10.0332,2.0985999999999994,7.55717,24.587,12.68882
std::deque,erase_if_25pct,65536,5,10.5637,0.5844500000000004,9.97925,16.5894,12.026990000000001
std::deque,erase_if_25pct,98304,5,18.2058,0.6052,11.2406,18.811,16.63654
std::deque,erase_if_25pct,131072,5,13.1973,1.6997999999999998,10.0304,15.4037,12.72628
std::deque,erase_if_25pct,196608,5,13.7466,2.1275999999999993,11.4339,16.2882,13.817820000000001
std::deque,erase_if_25pct,262144,5,13.5433,2.3247,10.3951,19.751,13.97888
std::hive,erase_if_25pct,64,5,9.32007,0.15869,7.89795,9.79004,9.156493999999999
std::hive,erase_if_25pct,96,5,9.22852,0.5533900000000003,8.28857,23.6328,11.865232
std::hive,erase_if_25pct,128,5,8.97827,1.21155,7.56836,10.4309,8.803098
std::hive,erase_if_25pct,192,5,8.80534,0.05900000000000105,7.53174,17.2546,10.240878
std::hive,erase_if_25pct,256,5,8.8623,0.4837100000000003,7.55615,9.86176,8.881226
std::hive,erase_if_25pct,384,5,8.69242,0.4018100000000011,8.29061,9.20715,8.796182
std::hive,erase_if_25pct,512,5,8.86641,0.7398399999999992,7.4375,21.943,11.2736
std::hive,erase_if_25pct,768,5,8.37334,0.38904999999999923,7.8878,8.83377,8.43342
std::hive,erase_if_25pct,1024,5,8.59062,0.6749899999999993,7.91563,10.118,8.956100000000001
std::hive,erase_if_25pct,1536,5,9.55776,0.35061999999999927,8.95457,9.90838,9.39712
std::hive,erase_if_25pct,2048,5,10.4571,0.3362999999999996,9.74987,11.9534,10.635874
std::hive,erase_if_25pct,3072,5,12.0792,1.7141000000000002,10.3651,18.9159,13.590100000000001
std::hive,erase_if_25pct,4096,5,10.3012,0.2575000000000003,9.00406,10.5587,9.987874
std::hive,erase_if_25pct,6144,5,8.22428,0.7446299999999999,7.47965,10.2148,8.523754
std::hive,erase_if_25pct,8192,5,8.98031,0.14728999999999992,7.68799,9.1276,8.633137999999999
std::hive,erase_if_25pct,12288,5,9.646,1.4827500000000011,8.16325,14.7575,11.047682
std::hive,erase_if_25pct,16384,5,10.2417,1.0210299999999997,9.17533,11.6263,10.27674
std::hive,erase_if_25pct,24576,5,9.9235,1.2093100000000003,8.59945,12.7344,10.071128
std::hive,erase_if_25pct,32768,5,9.58862,0.5828800000000012,9.00574,11.2925,9.853316000000001
std::hive,erase_if_25pct,49152,5,9.44926,0.42825999999999986,9.021,16.7857,11.930336
std::hive,erase_if_25pct,65536,5,10.2875,1.0925000000000011,8.42896,11.38,9.971314000000001
std::hive,erase_if_25pct,98304,5,12.207,1.4943999999999988,9.95585,17.218,12.85033
std::hive,erase_if_25pct,131072,5,11.1626,2.4673799999999986,8.69522,17.836,12.969675999999998
std::hive,erase_if_25pct,196608,5,12.1053,2.3117,9.22038,17.7653,12.523496
std::hive,erase_if_25pct,262144,5,13.2877,1.0981999999999985,12.1895,16.9987,13.84538
std::list,erase_if_25pct,64,5,11.322,0.7752000000000017,9.97314,13.678,11.634528
std::list,erase_if_25pct,96,5,11.7147,0.2237999999999989,11.4217,29.2806,15.2059
std::list,erase_if_25pct,128,5,11.4105,1.2726000000000006,9.56116,22.0947,12.983372
std::list,erase_if_25pct,192,5,12.3535,0.3376999999999999,10.9985,13.8204,12.38728
std::list,erase_if_25pct,256,5,16.9601,2.5878000000000014,14.2441,31.012,18.7793
std::list,erase_if_25pct,384,5,18.4672,0.07020000000000337,16.7084,18.5374,17.8064
std::list,erase_if_25pct,512,5,18.3891,2.1766000000000005,14.8156,20.6422,17.8325
std::list,erase_if_25pct,768,5,17.2377,0.39450000000000074,14.6696,19.7689,17.17918
std::list,erase_if_25pct,1024,5,17.3406,0.40619999999999834,16.9344,29.7961,20.76016
std::list,erase_if_25pct,1536,5,16.0227,0.21889999999999965,15.8038,19.2034,16.6811
std::list,erase_if_25pct,2048,5,18.9296,2.1264000000000003,16.8032,28.6975,21.08368
std::list,erase_if_25pct,3072,5,23.4161,1.6148999999999987,19.9346,25.031,22.68374
std::list,erase_if_25pct,4096,5,18.1341,2.3042999999999996,15.8298,23.4115,19.37012
std::list,erase_if_25pct,6144,5,22.998,5.154600000000002,17.1777,32.3161,23.06558
std::list,erase_if_25pct,8192,5,23.4106,2.424299999999999,20.9863,31.6024,24.92594
std::list,erase_if_25pct,12288,5,46.084,14.649300000000004,20.9351,96.5999,50.68864
std::list,erase_if_25pct,16384,5,35.1345,3.998599999999996,19.9995,39.1331,30.07534
std::list,erase_if_25pct,24576,5,27.1444,1.4063000000000017,23.9266,43.0843,29.56592
std::list,erase_if_25pct,32768,5,28.9337,1.0050000000000026,25.1973,32.3792,28.788040000000002
std::list,erase_if_25pct,49152,5,52.0823,12.0687,35.8195,64.151,50.522659999999995
std::list,erase_if_25pct,65536,5,55.6763,7.316600000000001,39.7247,64.2761,53.27088
std::list,erase_if_25pct,98304,5,53.2471,3.286699999999996,33.6741,67.0848,52.62086000000001
std::list,erase_if_25pct,131072,5,55.4893,1.3656999999999968,49.4102,56.9008,54.563739999999996
std::list,erase_if_25pct,196608,5,61.2534,5.271900000000002,50.2406,66.5253,58.985400000000006
std::list,erase_if_25pct,262144,5,53.0499,2.9705999999999975,49.7108,62.6534,54.249120000000005
std::pmr::deque,erase_if_25pct,64,5,5.68848,0.3417899999999996,5.16968,6.06079,5.67627
std::pmr::deque,erase_if_25pct,96,5,4.63053,0.09765000000000068,4.1626,9.40348,5.489908
std::pmr::deque,erase_if_25pct,128,5,4.0802,0.1739500000000005,3.88489,4.47693,4.125978
std::pmr::deque,erase_if_25pct,192,5,3.33049,0.1322399999999999,3.19824,3.49935,3.340658
std::pmr::deque,erase_if_25pct,256,5,2.98309,0.045780000000000154,2.85797,3.03802,2.97241
std::pmr::deque,erase_if_25pct,384,5,3.05278,0.29398000000000035,2.63163,3.34676,3.022664
std::pmr::deque,erase_if_25pct,512,5,2.52031,0.06016000000000021,2.45547,2.67031,2.541094
std::pmr::deque,erase_if_25pct,768,5,2.79085,0.2941399999999996,2.49671,6.4963,3.6056739999999996
std::pmr::deque,erase_if_25pct,1024,5,2.68906,0.16483999999999988,2.52422,3.41641,2.890782
std::pmr::deque,erase_if_25pct,1536,5,2.6073,0.03216000000000019,2.49357,2.78536,2.6251860000000002
std::pmr::deque,erase_if_25pct,2048,5,2.51229,0.052759999999999696,2.44613,2.81707,2.565052
std::pmr::deque,erase_if_25pct,3072,5,2.62878,0.04127999999999998,2.51127,2.67006,2.60353
std::pmr::deque,erase_if_25pct,4096,5,2.50441,0.051979999999999915,2.45243,2.75643,2.5552859999999997
std::pmr::deque,erase_if_25pct,6144,5,2.53743,0.052890000000000104,2.46745,3.52783,2.720702
std::pmr::deque,erase_if_25pct,8192,5,2.57812,0.18798000000000004,2.39014,2.81982,2.605306
std::pmr::deque,erase_if_25pct,12288,5,2.57731,0.1391600000000004,2.43815,3.39193,2.806966
std::pmr::deque,erase_if_25pct,16384,5,2.67072,0.1395000000000004,2.52686,2.84337,2.6515440000000003
std::pmr::deque,erase_if_25pct,24576,5,2.80518,0.16030999999999995,2.62533,2.97363,2.831218
std::pmr::deque,erase_if_25pct,32768,5,2.90731,0.06306999999999974,2.57975,3.40983,2.930094
std::pmr::deque,erase_if_25pct,49152,5,3.14738,0.5889899999999999,2.49227,5.08728,3.43221
std::pmr::deque,erase_if_25pct,65536,5,3.57513,0.10223000000000004,2.95563,3.82843,3.484192
std::pmr::deque,erase_if_25pct,98304,5,3.51156,0.15360999999999958,3.35795,4.25008,3.6710599999999998
std::pmr::deque,erase_if_25pct,131072,5,3.87497,0.5798299999999998,3.06091,4.78592,3.873138
std::pmr::deque,erase_if_25pct,196608,5,4.43064,1.0670900000000003,3.36355,10.6155,5.910128
std::pmr::deque,erase_if_25pct,262144,5,4.8317,0.5615299999999994,3.84369,5.59578,4.698488
std::pmr::hive,erase_if_25pct,64,5,11.145,0.5370999999999988,10.6079,15.1917,12.05078
std::pmr::hive,erase_if_25pct,96,5,10.3963,0.5493000000000006,9.81445,11.1898,10.48991
std::pmr::hive,erase_if_25pct,128,5,9.75952,0.2044700000000006,9.43298,11.0474,9.968878
std::pmr::hive,erase_if_25pct,192,5,9.78597,0.11392999999999986,9.67204,10.3821,9.936936
std::pmr::hive,erase_if_25pct,256,5,9.84802,0.2532899999999998,8.93097,10.3378,9.737848
std::pmr::hive,erase_if_25pct,384,5,8.90401,0.12919000000000125,8.68327,9.35567,8.95996
std::pmr::hive,erase_if_25pct,512,5,9.06875,0.476560000000001,8.46797,18.8555,10.970632
std::pmr::hive,erase_if_25pct,768,5,8.66513,0.15374000000000088,7.8525,9.46991,8.69368
std::pmr::hive,erase_if_25pct,1024,5,8.82422,0.08750000000000036,8.54531,10.0773,9.001866
std::pmr::hive,erase_if_25pct,1536,5,9.14047,0.9357299999999995,7.77485,13.2773,9.825538
std::pmr::hive,erase_if_25pct,2048,5,8.55437,0.3819599999999994,8.09208,16.0881,10.019534
std::pmr::hive,erase_if_25pct,3072,5,8.8232,0.33583999999999925,8.48736,26.3696,12.459356
std::pmr::hive,erase_if_25pct,4096,5,8.93161,0.5339599999999987,8.35433,9.64119,8.910974
std::pmr::hive,erase_if_25pct,6144,5,8.4318,0.21972000000000058,8.17057,29.8291,12.623695999999999
std::pmr::hive,erase_if_25pct,8192,5,8.37077,0.36784000000000106,8.00293,12.1623,9.284348
std::pmr::hive,erase_if_25pct,12288,5,8.67594,0.1505599999999987,7.82389,10.4875,8.875005999999999
std::pmr::hive,erase_if_25pct,16384,5,8.2319,0.24937000000000076,7.62329,8.5083,8.174002
std::pmr::hive,erase_if_25pct,24576,5,8.61491,0.6543000000000001,7.96061,11.0824,9.409196
std::pmr::hive,erase_if_25pct,32768,5,10.9762,2.15052,8.82568,16.8996,12.831216000000001
std::pmr::hive,erase_if_25pct,49152,5,8.81144,0.7527599999999985,8.05868,13.4735,9.77783
std::pmr::hive,erase_if_25pct,65536,5,7.42035,0.0579799999999997,7.36237,8.94012,7.957762
std::pmr::hive,erase_if_25pct,98304,5,8.37504,0.8188900000000006,7.55615,10.0637,8.790286
std::pmr::hive,erase_if_25pct,131072,5,9.73816,0.27542000000000044,9.46274,19.7174,12.040866
std::pmr::hive,erase_if_25pct,196608,5,8.54543,0.7802299999999995,7.7652,39.9572,15.011814000000001
std::pmr::hive,erase_if_25pct,262144,5,9.54208,0.6145199999999988,8.73871,10.1566,9.418786
std::pmr::list,erase_if_25pct,64,5,3.21045,0.17090000000000005,3.00293,3.44238,3.2348640000000004
std::pmr::list,erase_if_25pct,96,5,3.34066,0.05697000000000019,3.15755,10.5632,4.739592
std::pmr::list,erase_if_25pct,128,5,2.91748,0.0823999999999998,2.83508,3.08838,2.95105
std::pmr::list,erase_if_25pct,192,5,2.84017,0.14649,2.69368,4.01611,3.088378
std::pmr::list,erase_if_25pct,256,5,2.43073,0.03204999999999991,2.39868,23.2056,6.590584
std::pmr::list,erase_if_25pct,384,5,2.58891,0.0366200000000001,2.40682,2.62553,2.550458
std::pmr::list,erase_if_25pct,512,5,3.54297,0.14374999999999982,3.34063,4.42969,3.6559399999999997
std::pmr::list,erase_if_25pct,768,5,5.24363,0.12392999999999965,4.88124,5.75505,5.264494
std::pmr::list,erase_if_25pct,1024,5,5.44297,0.26485000000000003,5.175,6.25391,5.546094
std::pmr::list,erase_if_25pct,1536,5,5.11656,0.2015899999999995,4.87262,6.82496,5.37588
std::pmr::list,erase_if_25pct,2048,5,4.96944,0.2590999999999992,4.68986,5.89088,5.05056
std::pmr::list,erase_if_25pct,3072,5,5.09877,0.12624000000000013,4.97253,5.74187,5.221038
std::pmr::list,erase_if_25pct,4096,5,5.02772,0.22208999999999968,4.6938,5.24981,4.956686
std::pmr::list,erase_if_25pct,6144,5,6.10189,0.28972,5.00651,12.1012,7.032382
std::pmr::list,erase_if_25pct,8192,5,5.29215,0.04801000000000055,5.2002,7.84098,5.779134
std::pmr::list,erase_if_25pct,12288,5,6.04411,0.8626300000000002,5.18148,8.13232,6.487793999999999
std::pmr::list,erase_if_25pct,16384,5,5.66145,0.6530800000000001,5.00837,12.1216,6.935516
std::pmr::list,erase_if_25pct,24576,5,6.27848,0.6396499999999996,5.38086,32.0304,11.355459999999999
std::pmr::list,erase_if_25pct,32768,5,7.96102,1.4312699999999987,6.50635,18.0969,9.967850000000002
std::pmr::list,erase_if_25pct,49152,5,12.677,4.706829999999999,7.44731,22.4131,13.329455999999999
std::pmr::list,erase_if_25pct,65536,5,8.80127,1.4862100000000007,7.31506,20.6085,13.173218
std::pmr::list,erase_if_25pct,98304,5,8.56222,1.6845799999999995,6.87764,19.869,11.010952
std::pmr::list,erase_if_25pct,131072,5,15.3053,4.386900000000001,10.9184,28.2333,18.315260000000002
std::pmr::list,erase_if_25pct,196608,5,16.2109,1.5578999999999983,14.2746,30.1061,18.5086
std::pmr::list,erase_if_25pct,262144,5,18.8393,2.0100000000000016,15.995,22.4808,18.66838
std::pmr::vector,erase_if_25pct,64,5,2.4231,0.12817999999999996,2.28882,3.16162,2.5402839999999998
std::pmr::vector,erase_if_25pct,96,5,1.96533,0.08545000000000003,1.87988,3.85335,2.331542
std::pmr::vector,erase_if_25pct,128,5,1.84021,0.08240000000000003,1.74866,1.94397,1.858522
std::pmr::vector,erase_if_25pct,192,5,1.81478,0.07935000000000003,1.73543,2.12606,1.8721519999999998
std::pmr::vector,erase_if_25pct,256,5,1.67084,0.1052900000000001,1.56555,2.34528,1.85669
std::pmr::vector,erase_if_25pct,384,5,1.55029,0.021360000000000046,1.52893,1.9043,1.6575119999999999
std::pmr::vector,erase_if_25pct,512,5,1.55391,0.06874999999999987,1.48516,1.75313,1.59969
std::pmr::vector,erase_if_25pct,768,5,1.5876,0.10668000000000011,1.4417,1.81115,1.613642
std::pmr::vector,erase_if_25pct,1024,5,1.54844,0.07891000000000004,1.43359,2.59609,1.7245300000000001
std::pmr::vector,erase_if_25pct,1536,5,1.58211,0.05882999999999994,1.46288,1.65663,1.567206
std::pmr::vector,erase_if_25pct,2048,5,1.53966,0.004729999999999901,1.45461,1.92792,1.600934
std::pmr::vector,erase_if_25pct,3072,5,1.70859,0.11512999999999995,1.57838,1.99362,1.71764
std::pmr::vector,erase_if_25pct,4096,5,1.56486,0.04960999999999993,1.51525,1.82948,1.6132179999999998
std::pmr::vector,erase_if_25pct,6144,5,1.51123,0.06429000000000018,1.44694,1.69515,1.5494780000000001
std::pmr::vector,erase_if_25pct,8192,5,1.62191,0.10660999999999987,1.43636,1.96452,1.6347660000000002
std::pmr::vector,erase_if_25pct,12288,5,1.6862,0.043949999999999934,1.60645,1.77165,1.6787119999999998
std::pmr::vector,erase_if_25pct,16384,5,1.71596,0.04360000000000008,1.54768,1.81274,1.7077639999999998
std::pmr::vector,erase_if_25pct,24576,5,1.67643,0.07650000000000001,1.54053,1.8514,1.6850580000000002
std::pmr::vector,erase_if_25pct,32768,5,2.21761,0.0549299999999997,1.58488,2.27254,2.06421
std::pmr::vector,erase_if_25pct,49152,5,2.03247,0.2034499999999999,1.51265,2.27356,1.950682
std::pmr::vector,erase_if_25pct,65536,5,2.58331,0.08698000000000006,2.00653,2.67029,2.3794560000000002
std::pmr::vector,erase_if_25pct,98304,5,2.5472,0.0671400000000002,2.48006,2.65808,2.5736499999999998
std::pmr::vector,erase_if_25pct,131072,5,2.68097,0.051120000000000054,2.16675,3.12119,2.670138
std::pmr::vector,erase_if_25pct,196608,5,2.89815,0.5025300000000001,2.1876,3.40068,2.825214
std::pmr::vector,erase_if_25pct,262144,5,3.50418,0.2639800000000001,3.1147,5.08041,3.7749479999999997
std::vector,erase_if_25pct,64,5,0.909424,0.030518000000000045,0.860596,0.994873,0.9167479999999999
std::vector,erase_if_25pct,96,5,0.708008,0.024413999999999936,0.683594,0.756836,0.7194012
std::vector,erase_if_25pct,128,5,0.643921,0.006103999999999998,0.637817,0.723267,0.6616212
std::vector,erase_if_25pct,192,5,0.86263,0.038656000000000024,0.594076,0.901286,0.7751466
std::vector,erase_if_25pct,256,5,0.511169,0.006103999999999998,0.495911,0.737,0.5532838
std::vector,erase_if_25pct,384,5,0.783285,0.018309999999999937,0.75175,0.801595,0.7771812
std::vector,erase_if_25pct,512,5,0.778906,0.007812999999999959,0.766406,0.789844,0.7801562
std::vector,erase_if_25pct,768,5,0.790663,0.03529800000000005,0.436904,0.835373,0.7280686000000001
std::vector,erase_if_25pct,1024,5,0.742188,0.07890600000000003,0.489063,0.821094,0.6771878
std::vector,erase_if_25pct,1536,5,0.651826,0.12158000000000002,0.530246,0.884005,0.6937124
std::vector,erase_if_25pct,2048,5,0.686744,0.10159399999999996,0.523721,0.788338,0.6673702
std::vector,erase_if_25pct,3072,5,0.60658,0.009527000000000063,0.597053,0.713764,0.6308754000000001
std::vector,erase_if_25pct,4096,5,0.730847,0.06615399999999994,0.647366,0.868668,0.7440776
std::vector,erase_if_25pct,6144,5,0.791829,0.07242899999999997,0.624186,1.00749,0.8063155999999999
std::vector,erase_if_25pct,8192,5,0.904134,0.031738000000000044,0.854492,1.19629,0.9490562
std::vector,erase_if_25pct,12288,5,0.984701,0.01871899999999993,0.926107,1.00505,0.9781916
std::vector,erase_if_25pct,16384,5,0.905936,0.021797999999999984,0.658308,0.927734,0.8199636
std::vector,erase_if_25pct,24576,5,1.02458,0.049639999999999906,0.874837,1.25081,1.0476893999999999
std::vector,erase_if_25pct,32768,5,1.94194,0.22378999999999993,1.62964,2.27254,1.95333
std::vector,erase_if_25pct,49152,5,2.60925,0.21464000000000016,2.05587,2.97546,2.583616
std::vector,erase_if_25pct,65536,5,2.57263,0.55084,1.97449,3.41034,2.6019300000000003
std::vector,erase_if_25pct,98304,5,3.39152,0.4323299999999999,2.95919,5.30497,3.735148
std::vector,erase_if_25pct,131072,5,3.79791,0.28305000000000025,3.31268,4.08096,3.713682
std::vector,erase_if_25pct,196608,5,3.72772,0.3097500000000002,3.23995,5.34973,3.9361559999999995
std::vector,erase_if_25pct,262144,5,4.19426,0.4695900000000002,2.97279,4.66385,3.9327219999999996
std::deque,iterate_sum,64,5,0.792885,0.02212499999999995,0.77076,1.07098,0.8904284
std::deque,iterate_sum,96,5,0.983747,0.039103,0.92303,1.03029,0.9876138000000001
std::deque,iterate_sum,128,5,0.828409,0.03471399999999991,0.793695,1.03025,0.8949656000000001
std::deque,iterate_sum,192,5,1.02088,0.014210000000000056,0.778802,1.03509,0.9292742
std::deque,iterate_sum,256,5,0.998325,0.03340500000000002,0.771775,1.11593,0.9797819999999999
std::deque,iterate_sum,384,5,1.18498,0.2377189999999999,0.845304,1.44707,1.1344189999999998
std::deque,iterate_sum,512,5,1.00891,0.06804999999999994,0.94086,1.30468,1.0714924
std::deque,iterate_sum,768,5,1.27868,0.048130000000000006,1.1178,1.32681,1.245206
std::deque,iterate_sum,1024,5,1.25743,0.04754999999999998,1.04184,1.30498,1.1957200000000001
std::deque,iterate_sum,1536,5,1.43017,0.13476,1.29541,1.6273,1.45729
std::deque,iterate_sum,2048,5,1.42487,0.08438000000000012,1.33219,1.97533,1.51117
std::deque,iterate_sum,3072,5,1.38279,0.1788399999999999,1.20395,2.46266,1.63448
std::deque,iterate_sum,4096,5,1.35818,0.04852999999999996,0.957802,1.40671,1.2414564000000001
std::deque,iterate_sum,6144,5,1.50747,0.1509100000000001,1.07552,8.43336,2.7829620000000004
std::deque,iterate_sum,8192,5,8.92039,0.2130700000000001,8.21938,9.56699,8.88552
std::deque,iterate_sum,12288,5,9.00611,1.1634899999999995,7.84262,15.5589,10.167182
std::deque,iterate_sum,16384,5,8.65248,0.5543200000000006,8.09816,16.3925,10.723934
std::deque,iterate_sum,24576,5,9.50538,1.6398200000000003,7.79931,21.1599,11.78689
std::deque,iterate_sum,32768,5,9.34306,0.4927299999999999,8.14287,10.4633,9.340826
std::deque,iterate_sum,49152,5,10.2598,1.030199999999999,9.19875,13.8426,10.94411
std::deque,iterate_sum,65536,5,12.129,1.7281999999999993,10.4008,16.4208,12.87586
std::deque,iterate_sum,98304,5,15.4267,0.44400000000000084,14.9827,22.2353,17.63664
std::deque,iterate_sum,131072,5,17.4761,0.8275000000000006,14.9246,18.4282,17.17872
std::deque,iterate_sum,196608,5,17.7526,1.0874000000000024,16.4578,19.2276,17.73734
std::deque,iterate_sum,262144,5,15.8649,1.399700000000001,13.708,22.4546,16.52704
std::hive,iterate_sum,64,5,2.39296,0.16374999999999984,2.22921,4.25835,2.87653
std::hive,iterate_sum,96,5,2.8396,0.28979,2.54981,3.63401,3.026176
std::hive,iterate_sum,128,5,2.63634,0.04228999999999994,2.4673,3.90291,2.858886
std::hive,iterate_sum,192,5,2.82135,0.2373400000000001,2.3956,3.05869,2.762218
std::hive,iterate_sum,256,5,2.585,0.11802000000000001,2.45982,2.73997,2.573594
std::hive,iterate_sum,384,5,2.41803,0.13215999999999983,2.28587,2.81906,2.520172
std::hive,iterate_sum,512,5,2.63807,0.09891000000000005,2.2924,2.73698,2.5322299999999998
std::hive,iterate_sum,768,5,2.43483,0.018129999999999757,2.35993,2.64732,2.460118
std::hive,iterate_sum,1024,5,2.49106,0.02242999999999995,2.44328,2.65357,2.518136
std::hive,iterate_sum,1536,5,2.58347,0.10261000000000031,2.34703,2.86736,2.575038
std::hive,iterate_sum,2048,5,2.74035,0.24503999999999992,2.49531,3.41947,2.844012
std::hive,iterate_sum,3072,5,2.70322,0.055829999999999824,2.64739,3.34119,2.840136
std::hive,iterate_sum,4096,5,2.59452,0.05638000000000032,2.49151,2.9532,2.640276
std::hive,iterate_sum,6144,5,2.61362,0.14288999999999996,2.37615,2.7785,2.599066
std::hive,iterate_sum,8192,5,2.76529,0.049209999999999976,2.57488,2.8145,2.716358
std::hive,iterate_sum,12288,5,3.11569,0.01236999999999977,2.50841,3.31052,3.03112
std::hive,iterate_sum,16384,5,2.7316,0.11984000000000039,2.55655,2.9506,2.757678
std::hive,iterate_sum,24576,5,2.52934,0.057539999999999925,2.42895,2.72043,2.543472
std::hive,iterate_sum,32768,5,2.69368,0.12329999999999997,2.48,2.97879,2.685802
std::hive,iterate_sum,49152,5,3.40795,0.3729,2.7245,3.8095,3.319704
std::hive,iterate_sum,65536,5,3.28447,0.02571000000000012,2.916,3.42452,3.2433319999999997
std::hive,iterate_sum,98304,5,3.4257,0.2750400000000002,2.65399,3.70074,3.2644759999999997
std::hive,iterate_sum,131072,5,2.98655,0.10960999999999999,2.81278,3.3886,3.017802
std::hive,iterate_sum,196608,5,3.8147,0.3028900000000001,3.51181,4.70337,4.046018
std::hive,iterate_sum,262144,5,4.55983,1.11124,3.44859,8.0441,5.15601
std::list,iterate_sum,64,5,1.67437,0.02575000000000016,1.63774,2.15311,1.7630019999999997
std::list,iterate_sum,96,5,1.91383,0.028550000000000075,1.69614,2.03044,1.896896
std::list,iterate_sum,128,5,1.92833,0.28143000000000007,1.6469,2.90532,2.169676
std::list,iterate_sum,192,5,1.99385,0.20812999999999993,1.78572,2.39518,2.1071359999999997
std::list,iterate_sum,256,5,2.10213,0.21077999999999975,1.89135,4.1065,2.5681179999999997
std::list,iterate_sum,384,5,6.99702,0.2479899999999997,6.74903,10.2455,7.708346000000001
std::list,iterate_sum,512,5,7.85823,0.2617899999999995,7.32992,8.1582,7.8018160000000005
std::list,iterate_sum,768,5,7.72524,0.12013000000000051,7.60511,8.9181,7.958318
std::list,iterate_sum,1024,5,8.41711,0.6582099999999995,7.65559,10.1653,8.490698
std::list,iterate_sum,1536,5,8.29113,0.3926799999999986,7.34079,9.76232,8.427048000000001
std::list,iterate_sum,2048,5,9.76372,1.6158800000000006,7.62499,11.3796,9.389275999999999
std::list,iterate_sum,3072,5,11.0775,0.38310000000000066,8.42861,12.0719,10.713581999999999
std::list,iterate_sum,4096,5,10.292,1.1382999999999992,9.01429,14.1209,10.624698
std::list,iterate_sum,6144,5,9.32805,1.817289999999999,7.51076,12.5697,10.138195999999999
std::list,iterate_sum,8192,5,10.5969,0.28529999999999944,10.2341,12.7955,10.97836
std::list,iterate_sum,12288,5,14.395,2.5998,11.7952,21.8928,16.07854
std::list,iterate_sum,16384,5,15.2414,3.3450000000000006,11.8964,19.1438,16.0125
std::list,iterate_sum,24576,5,17.3657,3.253399999999999,13.7189,20.6191,16.93374
std::list,iterate_sum,32768,5,14.4723,1.1326999999999998,13.3396,17.6408,15.21702
std::list,iterate_sum,49152,5,15.4387,0.6995000000000005,13.9537,20.5859,16.06848
std::list,iterate_sum,65536,5,21.6356,2.4098000000000006,16.9802,26.863,21.718619999999998
std::list,iterate_sum,98304,5,26.2746,1.6260000000000012,24.4711,29.9428,26.389779999999995
std::list,iterate_sum,131072,5,30.3322,2.0084000000000017,26.7405,34.2961,30.601260000000003
std::list,iterate_sum,196608,5,29.4973,0.3716000000000008,29.0344,36.1225,30.767200000000003
std::list,iterate_sum,262144,5,30.3477,0.7565999999999988,28.4367,32.579,30.297739999999997
std::pmr::deque,iterate_sum,64,5,7.30944,0.38414000000000037,6.92024,7.71866,7.305508000000001
std::pmr::deque,iterate_sum,96,5,7.60193,0.022380000000000067,7.56785,8.47588,7.766826
std::pmr::deque,iterate_sum,128,5,7.81837,0.5280100000000001,7.21273,8.96544,7.887696
std::pmr::deque,iterate_sum,192,5,7.77909,0.34474999999999945,7.37184,8.1487,7.79684
std::pmr::deque,iterate_sum,256,5,7.6439,0.15116999999999958,7.16065,7.80152,7.601072
std::pmr::deque,iterate_sum,384,5,7.47455,0.22187,7.04658,7.83635,7.4753039999999995
std::pmr::deque,iterate_sum,512,5,8.09469,0.6196699999999993,7.37205,9.08078,8.265554
std::pmr::deque,iterate_sum,768,5,8.26958,0.09000999999999948,7.54536,8.9661,8.246792
std::pmr::deque,iterate_sum,1024,5,7.83148,0.1087100000000003,7.72277,8.73781,8.085462
std::pmr::deque,iterate_sum,1536,5,7.869,0.4539100000000005,7.40352,8.68778,8.024747999999999
std::pmr::deque,iterate_sum,2048,5,7.64934,0.16298999999999975,7.48635,8.69271,7.932913999999999
std::pmr::deque,iterate_sum,3072,5,8.86664,1.2334500000000004,6.9822,11.0617,8.788952
std::pmr::deque,iterate_sum,4096,5,8.57609,0.35043000000000113,7.96681,10.0566,8.718952
std::pmr::deque,iterate_sum,6144,5,7.92526,0.25699000000000005,7.66827,9.47486,8.367102
std::pmr::deque,iterate_sum,8192,5,8.19257,0.16384000000000043,7.5894,8.35641,8.094792000000002
std::pmr::deque,iterate_sum,12288,5,8.15808,0.23986000000000018,7.32582,8.41792,8.081662
std::pmr::deque,iterate_sum,16384,5,7.9835,0.3147999999999991,7.62947,9.61904,8.250112
std::pmr::deque,iterate_sum,24576,5,8.34074,0.20518000000000036,7.32083,8.62007,8.190732
std::pmr::deque,iterate_sum,32768,5,8.20453,0.21804999999999986,7.57041,8.51498,8.156649999999999
std::pmr::deque,iterate_sum,49152,5,7.81333,0.08750999999999998,7.47721,8.17316,7.832218
std::pmr::deque,iterate_sum,65536,5,7.686,0.035650000000000404,7.63632,7.83266,7.70856
std::pmr::deque,iterate_sum,98304,5,8.25755,0.4517100000000003,7.80029,9.21979,8.439722
std::pmr::deque,iterate_sum,131072,5,7.95382,0.30996000000000024,7.50989,8.72854,8.061788
std::pmr::deque,iterate_sum,196608,5,7.96399,0.2784899999999997,7.6855,8.64746,8.15129
std::pmr::deque,iterate_sum,262144,5,8.51641,0.35700999999999894,7.87786,9.01622,8.498836
std::pmr::hive,iterate_sum,64,5,2.51551,0.12301999999999991,2.26717,3.21579,2.606602
std::pmr::hive,iterate_sum,96,5,2.61243,0.046800000000000175,2.15232,2.65923,2.491026
std::pmr::hive,iterate_sum,128,5,2.5156,0.09197999999999995,2.40636,3.22089,2.623824
std::pmr::hive,iterate_sum,192,5,2.60522,0.0519099999999999,2.16357,2.76222,2.557666
std::pmr::hive,iterate_sum,256,5,2.64188,0.26796,2.37392,7.63995,3.6166739999999997
std::pmr::hive,iterate_sum,384,5,2.58219,0.14005999999999963,2.38793,2.88683,2.607786
std::pmr::hive,iterate_sum,512,5,2.34833,0.13120999999999983,2.21712,2.667,2.4276619999999998
std::pmr::hive,iterate_sum,768,5,2.42896,0.1709299999999998,2.25492,2.80198,2.470414
std::pmr::hive,iterate_sum,1024,5,2.92296,0.2974000000000001,2.53509,4.32245,3.1548879999999997
std::pmr::hive,iterate_sum,1536,5,2.76195,0.053600000000000314,2.70835,2.92331,2.791648
std::pmr::hive,iterate_sum,2048,5,2.91304,0.1185299999999998,2.76333,3.21521,2.949602
std::pmr::hive,iterate_sum,3072,5,2.7019,0.1936600000000004,2.50824,3.03652,2.743132
std::pmr::hive,iterate_sum,4096,5,2.69928,0.14318000000000008,2.5561,4.43891,3.045366
std::pmr::hive,iterate_sum,6144,5,3.33861,0.34021999999999997,2.62677,3.87567,3.253566
std::pmr::hive,iterate_sum,8192,5,2.75814,0.08674999999999988,2.62424,3.78563,2.9213639999999996
std::pmr::hive,iterate_sum,12288,5,2.78045,0.10411999999999999,2.63251,3.16589,2.848404
std::pmr::hive,iterate_sum,16384,5,2.92771,0.20601999999999965,2.72169,4.23762,3.1749479999999997
std::pmr::hive,iterate_sum,24576,5,3.25674,0.3015300000000001,2.63323,3.79091,3.204452
std::pmr::hive,iterate_sum,32768,5,3.46942,0.14347999999999983,3.14446,4.32479,3.560614
std::pmr::hive,iterate_sum,49152,5,3.11415,0.2637800000000001,2.85037,4.09845,3.3313539999999997
std::pmr::hive,iterate_sum,65536,5,2.88844,0.09616000000000025,2.79228,3.7678,3.1163339999999997
std::pmr::hive,iterate_sum,98304,5,2.94281,0.03578000000000037,2.80657,3.13454,2.9507339999999997
std::pmr::hive,iterate_sum,131072,5,2.98121,0.1049500000000001,2.76461,3.6805,3.066508
std::pmr::hive,iterate_sum,196608,5,4.55297,0.8552499999999998,3.17342,5.40822,4.20967
std::pmr::hive,iterate_sum,262144,5,3.52364,0.39698999999999973,3.12665,5.6999,4.040782
std::pmr::list,iterate_sum,64,5,1.59502,0.07009000000000021,1.39856,1.70135,1.57152
std::pmr::list,iterate_sum,96,5,1.99146,0.1506099999999999,1.76811,2.20693,1.9854479999999999
std::pmr::list,iterate_sum,128,5,1.89724,0.06837999999999989,1.82133,3.63626,2.232066
std::pmr::list,iterate_sum,192,5,2.01489,0.13115999999999994,1.67313,3.01625,2.157434
std::pmr::list,iterate_sum,256,5,1.7197,0.027200000000000113,1.6925,2.04402,1.811224
std::pmr::list,iterate_sum,384,5,1.86587,0.05049999999999999,1.65151,1.91637,1.803876
std::pmr::list,iterate_sum,512,5,2.06953,0.0762299999999998,1.9933,2.50579,2.17836
std::pmr::list,iterate_sum,768,5,3.52383,0.06647000000000025,3.41244,3.67356,3.5391559999999997
std::pmr::list,iterate_sum,1024,5,3.67416,0.23476000000000008,3.41549,3.95188,3.64865
std::pmr::list,iterate_sum,1536,5,3.44082,0.01822999999999997,3.28048,3.5203,3.426028
std::pmr::list,iterate_sum,2048,5,3.32006,0.00558000000000014,3.18948,3.5229,3.3347879999999996
std::pmr::list,iterate_sum,3072,5,3.43199,0.18650999999999973,3.24548,4.02688,3.5686800000000005
std::pmr::list,iterate_sum,4096,5,3.5087,0.0216700000000003,3.46682,3.59445,3.5161000000000002
std::pmr::list,iterate_sum,6144,5,3.68299,0.07843,3.43334,3.76142,3.6227679999999998
std::pmr::list,iterate_sum,8192,5,3.59917,0.048049999999999926,3.3898,3.71379,3.5744480000000003
std::pmr::list,iterate_sum,12288,5,3.87242,0.29963000000000006,3.44591,4.23478,3.8499740000000005
std::pmr::list,iterate_sum,16384,5,4.01274,0.28297000000000017,3.72977,5.20462,4.291906
std::pmr::list,iterate_sum,24576,5,4.02669,0.30020000000000024,3.72649,4.67266,4.113837999999999
std::pmr::list,iterate_sum,32768,5,4.62619,0.19791000000000025,4.17145,4.90565,4.575906
std::pmr::list,iterate_sum,49152,5,4.64857,0.32217999999999947,4.15351,5.88334,4.8562460000000005
std::pmr::list,iterate_sum,65536,5,4.59512,0.3099799999999995,3.98682,5.30766,4.600014
std::pmr::list,iterate_sum,98304,5,5.73079,0.7018300000000002,4.98912,6.54958,5.886468
std::pmr::list,iterate_sum,131072,5,6.9796,0.7656399999999994,6.21396,9.19009,7.348684
std::pmr::list,iterate_sum,196608,5,8.93463,0.5023700000000009,7.85744,9.73701,8.86007
std::pmr::list,iterate_sum,262144,5,7.72141,0.4162399999999993,7.16817,8.89341,7.831626
std::pmr::vector,iterate_sum,64,5,0.832653,0.021743999999999986,0.731564,2.05507,1.0589596000000001
std::pmr::vector,iterate_sum,96,5,0.90491,0.06682100000000002,0.690142,0.971731,0.8508938
std::pmr::vector,iterate_sum,128,5,0.764894,0.06632900000000008,0.694609,0.872707,0.7817172
std::pmr::vector,iterate_sum,192,5,0.839233,0.030707999999999958,0.739543,0.94916,0.8375994
std::pmr::vector,iterate_sum,256,5,0.80405,0.04777500000000001,0.705875,0.8622,0.7983100000000001
std::pmr::vector,iterate_sum,384,5,0.860255,0.14838399999999996,0.675168,1.1957,0.8610898
std::pmr::vector,iterate_sum,512,5,0.807427,0.023201000000000027,0.712371,0.830628,0.7842804
std::pmr::vector,iterate_sum,768,5,0.827228,0.06257900000000005,0.70017,0.926659,0.826698
std::pmr::vector,iterate_sum,1024,5,0.801601,0.019701999999999997,0.70257,0.837879,0.7926208
std::pmr::vector,iterate_sum,1536,5,0.85498,0.024276000000000075,0.78005,1.08669,0.8867658
std::pmr::vector,iterate_sum,2048,5,0.825053,0.099082,0.713346,1.02384,0.8390086
std::pmr::vector,iterate_sum,3072,5,0.700595,0.02357699999999996,0.677018,0.935735,0.7484729999999999
std::pmr::vector,iterate_sum,4096,5,0.815695,0.07136599999999993,0.744329,0.932837,0.8295128
std::pmr::vector,iterate_sum,6144,5,0.806527,0.018526000000000042,0.765449,1.00424,0.839779
std::pmr::vector,iterate_sum,8192,5,0.81592,0.02221300000000004,0.715487,0.94557,0.8237196000000001
std::pmr::vector,iterate_sum,12288,5,0.800205,0.11588599999999993,0.672651,0.958358,0.8109474000000001
std::pmr::vector,iterate_sum,16384,5,0.841435,0.039073000000000024,0.783501,0.985418,0.8566534000000001
std::pmr::vector,iterate_sum,24576,5,0.865041,0.03305500000000006,0.749703,0.898096,0.8405168
std::pmr::vector,iterate_sum,32768,5,0.852341,0.03647100000000003,0.777023,0.904521,0.8462826
std::pmr::vector,iterate_sum,49152,5,0.899955,0.021550999999999987,0.784591,1.18903,0.9312358
std::pmr::vector,iterate_sum,65536,5,1.12332,0.09408000000000016,0.871952,1.36694,1.1154064
std::pmr::vector,iterate_sum,98304,5,1.33822,0.07194999999999996,1.26483,1.55698,1.3681860000000001
std::pmr::vector,iterate_sum,131072,5,1.3858,0.018520000000000092,1.15804,1.51319,1.3690799999999999
std::pmr::vector,iterate_sum,196608,5,1.36002,0.08786000000000005,1.26867,1.69123,1.4197140000000001
std::pmr::vector,iterate_sum,262144,5,2.08605,0.20526,1.7466,2.5386,2.142414
std::vector,iterate_sum,64,5,0.27523,0.0018119999999999803,0.273418,0.378132,0.296936
std::vector,iterate_sum,96,5,0.263214,0.003369999999999984,0.258319,0.266584,0.2624512
std::vector,iterate_sum,128,5,0.255966,0.0012870000000000381,0.254679,0.258875,0.256338
std::vector,iterate_sum,192,5,0.317605,0.00747099999999995,0.250276,0.325076,0.299282
std::vector,iterate_sum,256,5,0.253025,0.003149999999999986,0.24985,0.26655,0.25457
std::vector,iterate_sum,384,5,0.315345,0.006399999999999961,0.308945,0.349072,0.3269858
std::vector,iterate_sum,512,5,0.347547,0.01127499999999998,0.335696,0.444203,0.362298
std::vector,iterate_sum,768,5,0.333371,0.013301000000000007,0.250041,0.350822,0.3207454
std::vector,iterate_sum,1024,5,0.301094,0.05235299999999998,0.248741,0.357773,0.30761479999999997
std::vector,iterate_sum,1536,5,0.320571,0.033928000000000014,0.286643,0.387675,0.3320764
std::vector,iterate_sum,2048,5,0.341147,0.010450999999999988,0.330096,0.367324,0.34304199999999996
std::vector,iterate_sum,3072,5,0.350797,0.012175000000000047,0.323971,0.398476,0.3548328
std::vector,iterate_sum,4096,5,0.399855,0.011581999999999981,0.331841,0.427997,0.394067
std::vector,iterate_sum,6144,5,0.400751,0.006525000000000003,0.340447,0.407276,0.3858748
std::vector,iterate_sum,8192,5,0.459365,0.004801999999999973,0.425495,0.469045,0.45491200000000004
std::vector,iterate_sum,12288,5,0.474384,0.00718599999999997,0.457757,0.510993,0.4778396
std::vector,iterate_sum,16384,5,0.38272,0.01300699999999999,0.369713,0.496486,0.411447
std::vector,iterate_sum,24576,5,0.4121,0.0063790000000000235,0.402455,0.422198,0.4112514
std::vector,iterate_sum,32768,5,0.44333,0.006203000000000014,0.431173,0.475824,0.4461668
std::vector,iterate_sum,49152,5,0.849142,0.04066500000000006,0.782004,0.908695,0.8503728
std::vector,iterate_sum,65536,5,0.928485,0.013132000000000033,0.904196,0.941617,0.9255782
std::vector,iterate_sum,98304,5,1.0289,0.02520000000000011,0.958786,1.0541,1.0165644
std::vector,iterate_sum,131072,5,1.06107,0.06278899999999998,0.998281,1.22106,1.0984962
std::vector,iterate_sum,196608,5,1.28306,0.1340699999999999,1.08564,1.88362,1.365126
std::vector,iterate_sum,262144,5,1.40615,0.059660000000000046,1.29372,1.46581,1.391566
